group_type,group_value,loss,task_id,model,attack_family,K,split,total_rows,failure_rows,failure_rate,finite_rows,in_range_rows,max_abs_sum_error,median_abs_sum_error,p95_abs_sum_error,p99_abs_sum_error,p99_9_abs_sum_error,nan_count,positive_inf_count,negative_inf_count,p0_lt_zero_count,p1_lt_zero_count,p0_gt_one_count,p1_gt_one_count,class_alignment_anomalies,roundtrip_exact_rows,roundtrip_mismatch_rows,B32_exact_one_rows,B32_nonunit_rows,B64_checker_failure_rows,serialization_delta_nonzero_rows,finite_precision_explained_failure_rows,serialization_explained_failure_rows,checker_specification_failure_rows,unexplained_failure_rows,true_raw_inconsistency_failure_rows,raw_probability_inconsistency_rows,representation_C_status,quantile_method
all,ALL,,,,,,,101761920,65934165,0.6479257172034489,101761920,101761920,8.968999998248961e-08,2.9999999928698173e-08,6.329700008578243e-08,7.694000014879521e-08,8.526600003833096e-08,0,0,0,0,0,0,0,0,101761920,0,79420386,22341534,65967643,88825994,65847578,86587,65934165,0,0,0,NOT AVAILABLE,exact_weighted_empirical_linear
loss,cw,cw,,,,,,50880960,33181463,0.6521390909291019,50880960,50880960,8.968999998248961e-08,2.9999999928698173e-08,6.000000007944095e-08,7.513999999986254e-08,8.471000001453177e-08,0,0,0,0,0,0,0,0,50880960,0,41437009,9443951,33193757,41925969,33147220,34243,33181463,0,0,0,NOT AVAILABLE,exact_weighted_empirical_linear
loss,margin,margin,,,,,,50880960,32752702,0.643712343477796,50880960,50880960,8.968999998248961e-08,2.9600000006624327e-08,6.61360000098199e-08,7.819000003017607e-08,8.55999999771484e-08,0,0,0,0,0,0,0,0,50880960,0,37983377,12897583,32773886,46900025,32700358,52344,32752702,0,0,0,NOT AVAILABLE,exact_weighted_empirical_linear
model,BiLSTM-ERM,,,BiLSTM-ERM,,,,50880960,32621712,0.6411379030584329,50880960,50880960,8.968999998248961e-08,2.9999999928698173e-08,6.000000007944095e-08,7.469999996345678e-08,8.37000000419863e-08,0,0,0,0,0,0,0,0,50880960,0,42410361,8470599,32633436,40382218,32603295,18417,32621712,0,0,0,NOT AVAILABLE,exact_weighted_empirical_linear
model,CAT-AD,,,CAT-AD,,,,50880960,33312453,0.6547135313484651,50880960,50880960,8.968999998248961e-08,2.98000000231724e-08,6.68999999842157e-08,7.882399999381562e-08,8.590000000197051e-08,0,0,0,0,0,0,0,0,50880960,0,37010025,13870935,33334207,48443776,33244283,68170,33312453,0,0,0,NOT AVAILABLE,exact_weighted_empirical_linear
attack_family,norm_pgd,,,,norm_pgd,,,25440480,16480744,0.6478157644824312,25440480,25440480,8.960999997587038e-08,2.9999999928698173e-08,6.329999990839497e-08,7.69299999259232e-08,8.526552093790654e-08,0,0,0,0,0,0,0,0,25440480,0,19860059,5580421,16489116,22202495,16459524,21220,16480744,0,0,0,NOT AVAILABLE,exact_weighted_empirical_linear
attack_family,phys_hybrid_pgd,,,,phys_hybrid_pgd,,,25440480,16484977,0.6479821528524619,25440480,25440480,8.968999998248961e-08,2.9999999928698173e-08,6.330000001941727e-08,7.697900006320424e-08,8.528999995149888e-08,0,0,0,0,0,0,0,0,25440480,0,19851660,5588820,16493382,22203733,16463261,21716,16484977,0,0,0,NOT AVAILABLE,exact_weighted_empirical_linear
attack_family,phys_penalty_pgd,,,,phys_penalty_pgd,,,25440480,16481296,0.647837462186248,25440480,25440480,8.968999998248961e-08,2.9999999928698173e-08,6.321000001197064e-08,7.691799996933923e-08,8.524999994818927e-08,0,0,0,0,0,0,0,0,25440480,0,19864208,5576272,16489548,22198742,16459465,21831,16481296,0,0,0,NOT AVAILABLE,exact_weighted_empirical_linear
attack_family,phys_projection_pgd,,,,phys_projection_pgd,,,25440480,16487148,0.6480674892926549,25440480,25440480,8.968999998248961e-08,2.9999999928698173e-08,6.329999990839497e-08,7.694620998810554e-08,8.525852092389366e-08,0,0,0,0,0,0,0,0,25440480,0,19844459,5596021,16495597,22221024,16465328,21820,16487148,0,0,0,NOT AVAILABLE,exact_weighted_empirical_linear
K,20,,,,,20,,29680560,19381744,0.653011398706763,29680560,29680560,8.968999998248961e-08,2.9999999928698173e-08,6.426999998865313e-08,7.75690000465179e-08,8.548000007824186e-08,0,0,0,0,0,0,0,0,29680560,0,22798772,6881788,19390316,26547023,19352392,29352,19381744,0,0,0,NOT AVAILABLE,exact_weighted_empirical_linear
K,50,,,,,50,,72081360,46552421,0.6458316130550256,72081360,72081360,8.968999998248961e-08,2.999999981767587e-08,6.289999998632112e-08,7.669799995113635e-08,8.518399985391056e-08,0,0,0,0,0,0,0,0,72081360,0,56621614,15459746,46577327,62278971,46495186,57235,46552421,0,0,0,NOT AVAILABLE,exact_weighted_empirical_linear
split,42,,,,,,42,23114880,14975040,0.6478528116953235,23114880,23114880,8.968999998248961e-08,2.9999999928698173e-08,6.241000005680064e-08,7.631999998647387e-08,8.499999992750418e-08,0,0,0,0,0,0,0,0,23114880,0,18489930,4624950,14982959,19654370,14961344,13696,14975040,0,0,0,NOT AVAILABLE,exact_weighted_empirical_linear
split,43,,,,,,43,24439680,15955752,0.6528625579385655,24439680,24439680,8.968999998248961e-08,2.9999999928698173e-08,6.452000000933822e-08,7.760999998218665e-08,8.542899990982011e-08,0,0,0,0,0,0,0,0,24439680,0,18876638,5563042,15962578,21817216,15934039,21713,15955752,0,0,0,NOT AVAILABLE,exact_weighted_empirical_linear
split,44,,,,,,44,22492800,14602642,0.6492140596101864,22492800,22492800,8.968999998248961e-08,2.999999981767587e-08,6.289900000844284e-08,7.677999991351214e-08,8.522999994653446e-08,0,0,0,0,0,0,0,0,22492800,0,17378053,5114747,14609206,19866362,14579953,22689,14602642,0,0,0,NOT AVAILABLE,exact_weighted_empirical_linear
split,45,,,,,,45,19399680,12393595,0.6388556409177883,19399680,19399680,8.968999998248961e-08,2.966000001158875e-08,6.3399999916669e-08,7.71899999474357e-08,8.536399997982613e-08,0,0,0,0,0,0,0,0,19399680,0,14993980,4405700,12401894,16808898,12374883,18712,12393595,0,0,0,NOT AVAILABLE,exact_weighted_empirical_linear
split,46,,,,,,46,12314880,8007136,0.6502000831514395,12314880,12314880,8.96089999979921e-08,2.9999999928698173e-08,6.296799992533408e-08,7.673699988886007e-08,8.519999994405225e-08,0,0,0,0,0,0,0,0,12314880,0,9681785,2633095,8011006,10679148,7997359,9777,8007136,0,0,0,NOT AVAILABLE,exact_weighted_empirical_linear
cross,loss|model|attack_family|K|split,cw,dd2e33b8eec5d461d68877e7b543f1640293d2d99e76f38e518da4ed5919bc06,BiLSTM-ERM,norm_pgd,20,42,421365,270688,0.642407413999739,421365,421365,8.925300010176329e-08,3.0000000039720476e-08,6.000000007944095e-08,6.000000007944095e-08,7.837636004559554e-08,0,0,0,0,0,0,0,0,421365,0,381180,40185,270723,286542,270679,9,270688,0,0,0,NOT AVAILABLE,exact_numpy_linear
cross,loss|model|attack_family|K|split,cw,2109d30a03547f4ca241867c1d0e70461ebba07cabdfce5d3b7f9618f63297c0,BiLSTM-ERM,norm_pgd,50,42,1023315,648466,0.6336914830721723,1023315,1023315,8.889999991712472e-08,2.9999999928698173e-08,6.000000007944095e-08,6.000000007944095e-08,7.71999999482631e-08,0,0,0,0,0,0,0,0,1023315,0,936689,86626,648504,679606,648436,30,648466,0,0,0,NOT AVAILABLE,exact_numpy_linear
cross,loss|model|attack_family|K|split,cw,293250e6c2aeb3ced35a50027fa452c289403afc561ce43a99db4d9fb5b2130e,BiLSTM-ERM,phys_hybrid_pgd,20,42,421365,270625,0.6422578999204965,421365,421365,8.889999991712472e-08,3.0000000039720476e-08,6.000000007944095e-08,6.009999997669269e-08,7.904907999023431e-08,0,0,0,0,0,0,0,0,421365,0,381348,40017,270635,287296,270599,26,270625,0,0,0,NOT AVAILABLE,exact_numpy_linear
cross,loss|model|attack_family|K|split,cw,ec95168cef019d4b2bff1abe2dfbb0b631e166b5f343cb9280c7abb0e7a5c296,BiLSTM-ERM,phys_hybrid_pgd,50,42,1023315,653191,0.6383088296370131,1023315,1023315,8.93800000678624e-08,2.9999999928698173e-08,6.000000007944095e-08,6.000000007944095e-08,7.739999996481117e-08,0,0,0,0,0,0,0,0,1023315,0,934933,88382,653230,685777,653172,19,653191,0,0,0,NOT AVAILABLE,exact_numpy_linear
cross,loss|model|attack_family|K|split,cw,a2b76dc1e96e6c5a8674d68a1e081d70555fe71949fe5a2cc5a232845dba7e62,BiLSTM-ERM,phys_penalty_pgd,20,42,421365,271039,0.6432404210126612,421365,421365,8.893000003062923e-08,3.0000000039720476e-08,6.000000007944095e-08,6.000000007944095e-08,7.850000005582558e-08,0,0,0,0,0,0,0,0,421365,0,381362,40003,271055,287576,271022,17,271039,0,0,0,NOT AVAILABLE,exact_numpy_linear
cross,loss|model|attack_family|K|split,cw,bffb51c0eb06c3f1579518307dd30dedceb3157d1685a4e88cb0b2c7f12aaa1e,BiLSTM-ERM,phys_penalty_pgd,50,42,1023315,651683,0.6368351876010808,1023315,1023315,8.875000001573596e-08,2.9999999928698173e-08,6.000000007944095e-08,6.000000007944095e-08,7.72968599562772e-08,0,0,0,0,0,0,0,0,1023315,0,935600,87715,651724,683352,651656,27,651683,0,0,0,NOT AVAILABLE,exact_numpy_linear
cross,loss|model|attack_family|K|split,cw,e8b7bbf25ac4eb087e1f63ae73547c1b407c65e2614ce4641753e445a0ad7169,BiLSTM-ERM,phys_projection_pgd,20,42,421365,270407,0.6417405337415305,421365,421365,8.865300005211907e-08,2.9999999928698173e-08,6.000000007944095e-08,6.119999999665282e-08,7.941636009123341e-08,0,0,0,0,0,0,0,0,421365,0,381415,39950,270432,288105,270392,15,270407,0,0,0,NOT AVAILABLE,exact_numpy_linear
cross,loss|model|attack_family|K|split,cw,b084e4fe600a54fcfc76dfac1f82617d83bf059c43ed6eb8c4770f790b8834db,BiLSTM-ERM,phys_projection_pgd,50,42,1023315,652032,0.6371762360563463,1023315,1023315,8.840999998760424e-08,2.9999999928698173e-08,6.000000007944095e-08,6.000000007944095e-08,7.779999999790732e-08,0,0,0,0,0,0,0,0,1023315,0,933547,89768,652069,686437,652000,32,652032,0,0,0,NOT AVAILABLE,exact_numpy_linear
cross,loss|model|attack_family|K|split,cw,6f714bc86c4bdef0544686daa8de56212fb8cdd7e1d55ceabe11c94e3bcd2638,CAT-AD,norm_pgd,20,42,421365,277757,0.6591838429864844,421365,421365,8.924000005627875e-08,2.998299997170051e-08,6.810000008350414e-08,7.958108008132565e-08,8.605381607118545e-08,0,0,0,0,0,0,0,0,421365,0,302693,118672,278026,407296,277231,526,277757,0,0,0,NOT AVAILABLE,exact_numpy_linear
cross,loss|model|attack_family|K|split,cw,61e8274183d6a8dca543037e120c094eac2f53f8a5577c7b8a46e2ee5ec2bb1e,CAT-AD,norm_pgd,50,42,1023315,667344,0.6521393705750429,1023315,1023315,8.96089999979921e-08,2.9999999928698173e-08,6.462000001761226e-08,7.776999999542511e-08,8.547999996721956e-08,0,0,0,0,0,0,0,0,1023315,0,791449,231866,667744,910606,666524,820,667344,0,0,0,NOT AVAILABLE,exact_numpy_linear
cross,loss|model|attack_family|K|split,cw,f96c2f8a9a96c560dff16a3704527c0c76d4e2df3bb78b81d6bf8338d6ba37a2,CAT-AD,phys_hybrid_pgd,20,42,421365,278771,0.6615903076904821,421365,421365,8.916700000582978e-08,2.987000002896423e-08,6.858000001219722e-08,7.987999998793072e-08,8.621818002829683e-08,0,0,0,0,0,0,0,0,421365,0,299483,121882,279066,411671,278201,570,278771,0,0,0,NOT AVAILABLE,exact_numpy_linear
cross,loss|model|attack_family|K|split,cw,8f47d1ee771e407e0669e978fe2ba78da0dc4e56df6350ea839e0285955d6eed,CAT-AD,phys_hybrid_pgd,50,42,1023315,669393,0.6541416865774469,1023315,1023315,8.924000005627875e-08,2.9999999928698173e-08,6.539999997112744e-08,7.796000001114578e-08,8.549999996887436e-08,0,0,0,0,0,0,0,0,1023315,0,783368,239947,669817,922453,668530,863,669393,0,0,0,NOT AVAILABLE,exact_numpy_linear
cross,loss|model|attack_family|K|split,cw,bebffc2249ccf29142063b4581aded553a2c16b2bbec365cb8362fa3b654d982,CAT-AD,phys_penalty_pgd,20,42,421365,277882,0.6594804979056162,421365,421365,8.947000007530903e-08,2.986489999745601e-08,6.837200003939614e-08,7.97314400147186e-08,8.613763596310165e-08,0,0,0,0,0,0,0,0,421365,0,300954,120411,278151,410169,277333,549,277882,0,0,0,NOT AVAILABLE,exact_numpy_linear
cross,loss|model|attack_family|K|split,cw,f35aca54dda253ac8b93963c0cc55c2391296847ac1bbc69de8dda435581cf3a,CAT-AD,phys_penalty_pgd,50,42,1023315,671568,0.6562671318215799,1023315,1023315,8.947000007530903e-08,2.9999999928698173e-08,6.494229999320915e-08,7.783000000038953e-08,8.544999996473734e-08,0,0,0,0,0,0,0,0,1023315,0,786990,236325,671990,920983,670744,824,671568,0,0,0,NOT AVAILABLE,exact_numpy_linear
cross,loss|model|attack_family|K|split,cw,c0084f09395c9cd61c4d0675d09c361477233039f1e0147f312e8d513cb1bc1f,CAT-AD,phys_projection_pgd,20,42,421365,278643,0.6612865330532911,421365,421365,8.932799999694652e-08,2.9915500077137835e-08,6.858999999082016e-08,7.975999997800187e-08,8.625999999134493e-08,0,0,0,0,0,0,0,0,421365,0,299868,121497,278871,411253,278044,599,278643,0,0,0,NOT AVAILABLE,exact_numpy_linear
cross,loss|model|attack_family|K|split,cw,44e299bfb0a84db1533990fa4d938de89c8b330200960db1466271200dc443c4,CAT-AD,phys_projection_pgd,50,42,1023315,671743,0.6564381446573148,1023315,1023315,8.968999998248961e-08,2.9999999928698173e-08,6.524000006891129e-08,7.798986003226814e-08,8.552000004669047e-08,0,0,0,0,0,0,0,0,1023315,0,783523,239792,672193,924314,670887,856,671743,0,0,0,NOT AVAILABLE,exact_numpy_linear
cross,loss|model|attack_family|K|split,cw,1a4596d888cd86986642d1a5993caa392b3d1dd99e8770e87654aa221fd035ca,BiLSTM-ERM,norm_pgd,20,43,445515,290511,0.652079054577287,445515,445515,8.85900000024975e-08,3.0000000039720476e-08,6.000000007944095e-08,7.130000001520642e-08,8.20999999096017e-08,0,0,0,0,0,0,0,0,445515,0,388222,57293,290569,331255,290461,50,290511,0,0,0,NOT AVAILABLE,exact_numpy_linear
cross,loss|model|attack_family|K|split,cw,defc3c77a1b30e5f18223ba794c2cc9f59462c4159394a1df02c5d223902c587,BiLSTM-ERM,norm_pgd,50,43,1081965,703911,0.6505857398344679,1081965,1081965,8.943399998351254e-08,3.0000000039720476e-08,6.000000007944095e-08,6.680000008696396e-08,8.149999997097979e-08,0,0,0,0,0,0,0,0,1081965,0,963604,118361,704027,764929,703835,76,703911,0,0,0,NOT AVAILABLE,exact_numpy_linear
cross,loss|model|attack_family|K|split,cw,b5112c1241662fa848dfd7367cc974d883077aa5e48bb67075f8088e621d5a7d,BiLSTM-ERM,phys_hybrid_pgd,20,43,445515,290196,0.6513720076765092,445515,445515,8.919000005214173e-08,3.0000000039720476e-08,6.000000007944095e-08,7.229775998984755e-08,8.200000012337227e-08,0,0,0,0,0,0,0,0,445515,0,386856,58659,290261,333503,290153,43,290196,0,0,0,NOT AVAILABLE,exact_numpy_linear
cross,loss|model|attack_family|K|split,cw,40a0fa16a3909fde86257be388ea37c22080ffbc69790fd11b78cec8d0484566,BiLSTM-ERM,phys_hybrid_pgd,50,43,1081965,705924,0.6524462436400438,1081965,1081965,8.932799999694652e-08,3.0000000039720476e-08,6.000000007944095e-08,6.699999999248973e-08,8.149036007321167e-08,0,0,0,0,0,0,0,0,1081965,0,961384,120581,706029,770445,705841,83,705924,0,0,0,NOT AVAILABLE,exact_numpy_linear
cross,loss|model|attack_family|K|split,cw,39e338a55fe800d0716ede4d6d84f0c57d8c0449cfa7af6f9f846ed489414330,BiLSTM-ERM,phys_penalty_pgd,20,43,445515,290153,0.6512754901630697,445515,445515,8.876800006163421e-08,3.0000000039720476e-08,6.000000007944095e-08,7.280000002829468e-08,8.208999996273114e-08,0,0,0,0,0,0,0,0,445515,0,387729,57786,290202,332817,290097,56,290153,0,0,0,NOT AVAILABLE,exact_numpy_linear
cross,loss|model|attack_family|K|split,cw,baff82a80c3044b6b1ae7eb753d5269c6e8207ef971e5f232b3c7e672755341a,BiLSTM-ERM,phys_penalty_pgd,50,43,1081965,709495,0.6557467200879881,1081965,1081965,8.943899998392624e-08,3.0000000039720476e-08,6.000000007944095e-08,6.699999999248973e-08,8.16005400823284e-08,0,0,0,0,0,0,0,0,1081965,0,962934,119031,709586,773229,709389,106,709495,0,0,0,NOT AVAILABLE,exact_numpy_linear
cross,loss|model|attack_family|K|split,cw,0aae0c737409c0ebc931b59528d668295dbb4052194413cdd356c15744f5262f,BiLSTM-ERM,phys_projection_pgd,20,43,445515,291839,0.6550598745272326,445515,445515,8.889000002731962e-08,3.0000000039720476e-08,6.000000007944095e-08,7.385658006509028e-08,8.218252396208131e-08,0,0,0,0,0,0,0,0,445515,0,387001,58514,291903,335805,291769,70,291839,0,0,0,NOT AVAILABLE,exact_numpy_linear
cross,loss|model|attack_family|K|split,cw,0033761539eb1cdc4cb04f3f810c9c77adeb8b34344a0255a958a047d4f6d43d,BiLSTM-ERM,phys_projection_pgd,50,43,1081965,706582,0.6530543963991442,1081965,1081965,8.9129999936155e-08,3.0000000039720476e-08,6.000000007944095e-08,6.772999998183593e-08,8.18000001068242e-08,0,0,0,0,0,0,0,0,1081965,0,956288,125677,706704,775180,706493,89,706582,0,0,0,NOT AVAILABLE,exact_numpy_linear
cross,loss|model|attack_family|K|split,cw,024f6edbe764d7d295134e3754848ba861e1b7aab5a6fae9df6d29833568d4ae,CAT-AD,norm_pgd,20,43,445515,295302,0.6628329012491162,445515,445515,8.941999984912741e-08,2.982000002482721e-08,6.855000004302169e-08,7.990385997524994e-08,8.64000000433407e-08,0,0,0,0,0,0,0,0,445515,0,311876,133639,295442,441363,294551,751,295302,0,0,0,NOT AVAILABLE,exact_numpy_linear
cross,loss|model|attack_family|K|split,cw,02ade336d2d5eb946347a029f5e8d535e42df857db39ce4e20fc400fe777a5d3,CAT-AD,norm_pgd,50,43,1081965,709595,0.6558391445194622,1081965,1081965,8.952000007944605e-08,2.999999981767587e-08,6.672399999185785e-08,7.879000007982029e-08,8.590000000197051e-08,0,0,0,0,0,0,0,0,1081965,0,800226,281739,709994,1013039,708310,1285,709595,0,0,0,NOT AVAILABLE,exact_numpy_linear
cross,loss|model|attack_family|K|split,cw,47bf4634b8b81c47e1c9d018cf07a83b5963345f8cae701e9e4e17a467ee408f,CAT-AD,phys_hybrid_pgd,20,43,445515,295675,0.6636701345633704,445515,445515,8.955599994919794e-08,2.9837999959703154e-08,6.868599999876324e-08,7.999999995789153e-08,8.649000005078733e-08,0,0,0,0,0,0,0,0,445515,0,311113,134402,295786,442229,294858,817,295675,0,0,0,NOT AVAILABLE,exact_numpy_linear
cross,loss|model|attack_family|K|split,cw,fa3ff7ffdd55ddac11861e4654634c4b4cd6d56a1e92af0803fcef07b5d50ce7,CAT-AD,phys_hybrid_pgd,50,43,1081965,710981,0.6571201471396949,1081965,1081965,8.947999996511413e-08,2.9999999928698173e-08,6.660080005271845e-08,7.862507999334443e-08,8.577007198962167e-08,0,0,0,0,0,0,0,0,1081965,0,803766,278199,711291,1011141,709626,1355,710981,0,0,0,NOT AVAILABLE,exact_numpy_linear
cross,loss|model|attack_family|K|split,cw,e4caa1cc9003e6734274f5f29343c022248abf0b4750720fe4faad9ab87a85d6,CAT-AD,phys_penalty_pgd,20,43,445515,295143,0.6624760109087237,445515,445515,8.960200004182184e-08,2.98000000231724e-08,6.860500001426573e-08,8.007200003046222e-08,8.631899994782088e-08,0,0,0,0,0,0,0,0,445515,0,311659,133856,295218,441929,294326,817,295143,0,0,0,NOT AVAILABLE,exact_numpy_linear
cross,loss|model|attack_family|K|split,cw,dfa4d0186137dc041c06f59b6f2898c533e215a4c8b143d1e8073dcdd680e129,CAT-AD,phys_penalty_pgd,50,43,1081965,710707,0.6568669041974555,1081965,1081965,8.943899998392624e-08,2.9999999928698173e-08,6.657999995773878e-08,7.86159999321967e-08,8.579999999369647e-08,0,0,0,0,0,0,0,0,1081965,0,802477,279488,711118,1011778,709431,1276,710707,0,0,0,NOT AVAILABLE,exact_numpy_linear
cross,loss|model|attack_family|K|split,cw,cac8e8f8c40e86074a5a65c08802d99759718d612b96f02b0f2595fb7a6d4f02,CAT-AD,phys_projection_pgd,20,43,445515,295381,0.6630102241226445,445515,445515,8.943999996180452e-08,2.9806000112486686e-08,6.857199996712637e-08,7.99734400702689e-08,8.633497192755963e-08,0,0,0,0,0,0,0,0,445515,0,311098,134417,295431,442125,294556,825,295381,0,0,0,NOT AVAILABLE,exact_numpy_linear
cross,loss|model|attack_family|K|split,cw,c6e52e2dc520df354fefe7fd88f69806e67aabe2dd6aae80a73f4fb54e98260b,CAT-AD,phys_projection_pgd,50,43,1081965,711504,0.6576035269163051,1081965,1081965,8.960200004182184e-08,2.9999999928698173e-08,6.655999995608397e-08,7.857700001778767e-08,8.579999999369647e-08,0,0,0,0,0,0,0,0,1081965,0,802143,279822,711875,1010993,710143,1361,711504,0,0,0,NOT AVAILABLE,exact_numpy_linear
cross,loss|model|attack_family|K|split,cw,6742b296d25faeb4ab1385b120b247c04b57fd0c2a784ba1414d3e6fbdc78599,BiLSTM-ERM,norm_pgd,20,44,410025,263300,0.6421559660996281,410025,410025,8.941999984912741e-08,3.0000000039720476e-08,6.000000007944095e-08,7.18485600126329e-08,8.170000009855016e-08,0,0,0,0,0,0,0,0,410025,0,356530,53495,263351,304211,263234,66,263300,0,0,0,NOT AVAILABLE,exact_numpy_linear
cross,loss|model|attack_family|K|split,cw,9b9093e90e0706d5bc3e0d5a4395cbf71d35ddf8f2c1ba3427640e3e0a0851dd,BiLSTM-ERM,norm_pgd,50,44,995775,646553,0.6492962767693505,995775,995775,8.920000005296913e-08,3.0000000039720476e-08,6.000000007944095e-08,6.490000004077956e-08,8.060000000753575e-08,0,0,0,0,0,0,0,0,995775,0,888059,107716,646610,701280,646424,129,646553,0,0,0,NOT AVAILABLE,exact_numpy_linear
cross,loss|model|attack_family|K|split,cw,b15de8ef9185878f9ccdd2c3ef7dfe505d47449ad93dcd11a89a6b52eba62826,BiLSTM-ERM,phys_hybrid_pgd,20,44,410025,266862,0.6508432412657765,410025,410025,8.849999999505087e-08,3.0000000039720476e-08,6.000000007944095e-08,7.109999999865835e-08,8.170000009855016e-08,0,0,0,0,0,0,0,0,410025,0,357828,52197,266898,304051,266786,76,266862,0,0,0,NOT AVAILABLE,exact_numpy_linear
cross,loss|model|attack_family|K|split,cw,43d896437a8deb9b5cacaf9dbeca676f98bfa39878232ad2cc00f907f0905489,BiLSTM-ERM,phys_hybrid_pgd,50,44,995775,647582,0.6503296427405789,995775,995775,8.880000001987298e-08,3.0000000039720476e-08,6.000000007944095e-08,6.530000007387571e-08,8.060000000753575e-08,0,0,0,0,0,0,0,0,995775,0,888301,107474,647654,702388,647449,133,647582,0,0,0,NOT AVAILABLE,exact_numpy_linear
cross,loss|model|attack_family|K|split,cw,3daf32188f52e26c0a0ccf108ca879179e578fc1cf5d22aaca087446d013c40a,BiLSTM-ERM,phys_penalty_pgd,20,44,410025,265103,0.6465532589476252,410025,410025,8.899000003559365e-08,3.0000000039720476e-08,6.000000007944095e-08,7.089999998211027e-08,8.18884239164325e-08,0,0,0,0,0,0,0,0,410025,0,359100,50925,265109,302941,265013,90,265103,0,0,0,NOT AVAILABLE,exact_numpy_linear
cross,loss|model|attack_family|K|split,cw,e53e1934609387a8aa1c795bea203ac47fcb21a4e51ca9f0a90eb332f09bdce6,BiLSTM-ERM,phys_penalty_pgd,50,44,995775,646674,0.6494177901634406,995775,995775,8.923000005545134e-08,3.0000000039720476e-08,6.000000007944095e-08,6.549999997940148e-08,8.092113003410629e-08,0,0,0,0,0,0,0,0,995775,0,888142,107633,646729,702144,646542,132,646674,0,0,0,NOT AVAILABLE,exact_numpy_linear
cross,loss|model|attack_family|K|split,cw,d3eba887a5121ac9afb9ab7795a7286333d63096d050ac21d7196c20c17991b0,BiLSTM-ERM,phys_projection_pgd,20,44,410025,267048,0.6512968721419425,410025,410025,8.897100001181713e-08,3.0000000039720476e-08,6.000000007944095e-08,7.120608006783165e-08,8.199997590452315e-08,0,0,0,0,0,0,0,0,410025,0,356755,53270,267074,305371,266980,68,267048,0,0,0,NOT AVAILABLE,exact_numpy_linear
cross,loss|model|attack_family|K|split,cw,740de34ff244bff53b0af693a60f8a16190fdc16ca7a6c06f2d90cd03d21f281,BiLSTM-ERM,phys_projection_pgd,50,44,995775,646207,0.6489488087168286,995775,995775,8.905500004097178e-08,3.0000000039720476e-08,6.000000007944095e-08,6.584629992589801e-08,8.086000002904825e-08,0,0,0,0,0,0,0,0,995775,0,887557,108218,646252,703234,646050,157,646207,0,0,0,NOT AVAILABLE,exact_numpy_linear
cross,loss|model|attack_family|K|split,cw,0b69bb33274db5610e7186971bb78afb3af834a576e47930f179eb882c7e4403,CAT-AD,norm_pgd,20,44,410025,268801,0.655572221206024,410025,410025,8.955599994919794e-08,2.9438000037629308e-08,6.514900006138191e-08,7.812875994162028e-08,8.576990398800898e-08,0,0,0,0,0,0,0,0,410025,0,291433,118592,268845,397221,268055,746,268801,0,0,0,NOT AVAILABLE,exact_numpy_linear
cross,loss|model|attack_family|K|split,cw,da34597561bf285f003b6d7fcfc5845b39cdb1f153a3b7a452ecfd5c72b5e232,CAT-AD,norm_pgd,50,44,995775,651556,0.654320504129949,995775,995775,8.932799999694652e-08,2.999999981767587e-08,6.453999993327741e-08,7.780999999873472e-08,8.561145205687741e-08,0,0,0,0,0,0,0,0,995775,0,738886,256889,651860,927994,650164,1392,651556,0,0,0,NOT AVAILABLE,exact_numpy_linear
cross,loss|model|attack_family|K|split,cw,27089c11ddc6751eba99824e78a749c691f0faa2fab137cd4b2525e75529af8f,CAT-AD,phys_hybrid_pgd,20,44,410025,268461,0.6547430034753978,410025,410025,8.935500006579389e-08,2.9409999990903657e-08,6.470000000202702e-08,7.792327996192231e-08,8.561854400035476e-08,0,0,0,0,0,0,0,0,410025,0,291365,118660,268548,396814,267732,729,268461,0,0,0,NOT AVAILABLE,exact_numpy_linear
cross,loss|model|attack_family|K|split,cw,fc3adaca81a0a1d853f53fb5ac0fdb440c80e836b8577344f9798306c7b2a5cd,CAT-AD,phys_hybrid_pgd,50,44,995775,651104,0.6538665863272326,995775,995775,8.96089999979921e-08,2.990000003144644e-08,6.414999997872428e-08,7.762025997726241e-08,8.55166780440176e-08,0,0,0,0,0,0,0,0,995775,0,739702,256073,651311,925939,649719,1385,651104,0,0,0,NOT AVAILABLE,exact_numpy_linear
cross,loss|model|attack_family|K|split,cw,2bdfa861e0cb861418e9ad77e94ab582abc3f7d163f84f2d66df1625efa84127,CAT-AD,phys_penalty_pgd,20,44,410025,268741,0.6554258886653253,410025,410025,8.968999998248961e-08,2.9428600001324412e-08,6.481299996696777e-08,7.798575999640179e-08,8.569192794194443e-08,0,0,0,0,0,0,0,0,410025,0,291682,118343,268805,397194,267994,747,268741,0,0,0,NOT AVAILABLE,exact_numpy_linear
cross,loss|model|attack_family|K|split,cw,7c1204318d7186f4088599123740b58d03f38606d7808441dd9a31f8acd52676,CAT-AD,phys_penalty_pgd,50,44,995775,650589,0.6533494012201552,995775,995775,8.968999998248961e-08,2.999999981767587e-08,6.410930006861541e-08,7.746203987135661e-08,8.550690403819071e-08,0,0,0,0,0,0,0,0,995775,0,739257,256518,650816,927791,649193,1396,650589,0,0,0,NOT AVAILABLE,exact_numpy_linear
cross,loss|model|attack_family|K|split,cw,f2707aa851f01575a083160060170b4dab45d6a117567fdb2d681af8549db8a8,CAT-AD,phys_projection_pgd,20,44,410025,269036,0.6561453569904274,410025,410025,8.91300000471773e-08,2.9446505678265567e-08,6.480000003250552e-08,7.810376002392872e-08,8.572678394536149e-08,0,0,0,0,0,0,0,0,410025,0,291021,119004,269026,396613,268221,815,269036,0,0,0,NOT AVAILABLE,exact_numpy_linear
cross,loss|model|attack_family|K|split,cw,1bcc27310e28d4a3d353a749dc514ce0cfdec6067625820e9f401eb2fba60bae,CAT-AD,phys_projection_pgd,50,44,995775,650485,0.6532449599558133,995775,995775,8.958000008441047e-08,2.993100001180693e-08,6.393900009449283e-08,7.740425998159495e-08,8.549999996887436e-08,0,0,0,0,0,0,0,0,995775,0,741506,254269,650826,924027,649193,1292,650485,0,0,0,NOT AVAILABLE,exact_numpy_linear
cross,loss|model|attack_family|K|split,cw,ad3767d140c8226956be23dd62ade7e8b937f56553d26e312b3ffbb274dd079f,BiLSTM-ERM,norm_pgd,20,45,353640,225904,0.6387965162311956,353640,353640,8.844499999050015e-08,3.0000000039720476e-08,6.000000007944095e-08,7.410610006863813e-08,8.223248999150501e-08,0,0,0,0,0,0,0,0,353640,0,301611,52029,225941,276227,225862,42,225904,0,0,0,NOT AVAILABLE,exact_numpy_linear
cross,loss|model|attack_family|K|split,cw,019976c24b952a2b2529cba0dba69a7d4f1fdb8e478a31bcb057e965fd09f93c,BiLSTM-ERM,norm_pgd,50,45,858840,558118,0.6498509617623771,858840,858840,8.908000004304029e-08,3.0000000039720476e-08,6.000000007944095e-08,6.639361004090459e-08,7.943231307783063e-08,0,0,0,0,0,0,0,0,858840,0,764305,94535,558140,612205,558042,76,558118,0,0,0,NOT AVAILABLE,exact_numpy_linear
cross,loss|model|attack_family|K|split,cw,44f9dc4af12db2cdbe31c9c5ef4b9b801b090f2efe73b22f1e131018d82259e1,BiLSTM-ERM,phys_hybrid_pgd,20,45,353640,227919,0.64449440108585,353640,353640,8.908299997667513e-08,3.0000000039720476e-08,6.000000007944095e-08,7.400000001656082e-08,8.200000001234997e-08,0,0,0,0,0,0,0,0,353640,0,301228,52412,227954,276383,227876,43,227919,0,0,0,NOT AVAILABLE,exact_numpy_linear
cross,loss|model|attack_family|K|split,cw,f7b43a2717b8187a8a0f3eb96a6f7302a907e4c87efb96d71dfdc4f3602c6a2f,BiLSTM-ERM,phys_hybrid_pgd,50,45,858840,559770,0.6517744865166969,858840,858840,8.839000009697173e-08,3.0000000039720476e-08,6.000000007944095e-08,6.669999996766762e-08,7.969999995094401e-08,0,0,0,0,0,0,0,0,858840,0,762949,95891,559829,615441,559716,54,559770,0,0,0,NOT AVAILABLE,exact_numpy_linear
cross,loss|model|attack_family|K|split,cw,aecdd9c39b282d6163e824225575e6a3f7d5961588ad7575b6bf26b62fae2faf,BiLSTM-ERM,phys_penalty_pgd,20,45,353640,226843,0.6414517588508087,353640,353640,8.9129999936155e-08,3.0000000039720476e-08,6.000000007944095e-08,7.410000002483486e-08,8.220000002889805e-08,0,0,0,0,0,0,0,0,353640,0,302051,51589,226907,275992,226798,45,226843,0,0,0,NOT AVAILABLE,exact_numpy_linear
cross,loss|model|attack_family|K|split,cw,b150354b23acb7b7699729451639913caa53674ceef458592c63151366de8fec,BiLSTM-ERM,phys_penalty_pgd,50,45,858840,561613,0.6539204042662196,858840,858840,8.896000003311144e-08,3.0000000039720476e-08,6.000000007944095e-08,6.699999999248973e-08,8.000348300973836e-08,0,0,0,0,0,0,0,0,858840,0,759493,99347,561682,621333,561559,54,561613,0,0,0,NOT AVAILABLE,exact_numpy_linear
cross,loss|model|attack_family|K|split,cw,63de37f6f6f9a5fc3ffcadce1f355a5c9827970813e4ee84b9d0e8ac1bb95791,BiLSTM-ERM,phys_projection_pgd,20,45,353640,227345,0.6428712815292388,353640,353640,8.872199996901031e-08,3.0000000039720476e-08,6.000000007944095e-08,7.430000004138293e-08,8.219999991787574e-08,0,0,0,0,0,0,0,0,353640,0,301191,52449,227380,277271,227298,47,227345,0,0,0,NOT AVAILABLE,exact_numpy_linear
cross,loss|model|attack_family|K|split,cw,21d52fbda090db9e8dc8938c5c07681e119803db3f68f6e05c0497a5e67b0ca5,BiLSTM-ERM,phys_projection_pgd,50,45,858840,557385,0.6489974849797401,858840,858840,8.905500004097178e-08,3.0000000039720476e-08,6.000000007944095e-08,6.68999999842157e-08,7.963238094610337e-08,0,0,0,0,0,0,0,0,858840,0,763625,95215,557431,614713,557327,58,557385,0,0,0,NOT AVAILABLE,exact_numpy_linear
cross,loss|model|attack_family|K|split,cw,36289ebca0e50d298a4dbaebe8ccf40dce368db89c2758569ba5404afd4dbf58,CAT-AD,norm_pgd,20,45,353640,234095,0.6619584888587264,353640,353640,8.958000008441047e-08,2.985300001645541e-08,6.859304995110447e-08,7.995999995458192e-08,8.635000003920368e-08,0,0,0,0,0,0,0,0,353640,0,249102,104538,234285,348808,233558,537,234095,0,0,0,NOT AVAILABLE,exact_numpy_linear
cross,loss|model|attack_family|K|split,cw,577f5e11e8a41debcb2adf88b4f37875c3710289a10630c2d13877dc069dcf33,CAT-AD,norm_pgd,50,45,858840,565750,0.658737366680639,858840,858840,8.960999997587038e-08,2.999999981767587e-08,6.730000001731185e-08,7.909399997285682e-08,8.602000001189936e-08,0,0,0,0,0,0,0,0,858840,0,628052,230788,566471,815104,564824,926,565750,0,0,0,NOT AVAILABLE,exact_numpy_linear
cross,loss|model|attack_family|K|split,cw,56647967107d8d6f6165f9e31020b36420aed073237eb9bd99787f1d9b7ceec4,CAT-AD,phys_hybrid_pgd,20,45,353640,234748,0.6638049994344531,353640,353640,8.927999994856606e-08,2.98000000231724e-08,6.89520999908044e-08,8.019000004133581e-08,8.649108299596524e-08,0,0,0,0,0,0,0,0,353640,0,247481,106159,234972,350838,234155,593,234748,0,0,0,NOT AVAILABLE,exact_numpy_linear
cross,loss|model|attack_family|K|split,cw,dd6775571bee0376e323f725e88c8da89ae863ed606b56c9d586c38d93461545,CAT-AD,phys_hybrid_pgd,50,45,858840,565292,0.6582040892366448,858840,858840,8.968999998248961e-08,2.999999981767587e-08,6.737704998371889e-08,7.924000000603115e-08,8.596000000693493e-08,0,0,0,0,0,0,0,0,858840,0,627195,231645,565862,817311,564288,1004,565292,0,0,0,NOT AVAILABLE,exact_numpy_linear
cross,loss|model|attack_family|K|split,cw,7d1a427b2c36a3713ed2502fcca0ff0b56331ef2e5385f8e32113c3d5b9f42ee,CAT-AD,phys_penalty_pgd,20,45,353640,234207,0.6622751951136749,353640,353640,8.944399998433994e-08,2.981800006907065e-08,6.890299997230898e-08,8.004000007222345e-08,8.621297097111098e-08,0,0,0,0,0,0,0,0,353640,0,247902,105738,234357,350324,233600,607,234207,0,0,0,NOT AVAILABLE,exact_numpy_linear
cross,loss|model|attack_family|K|split,cw,6ed04ddadd607c2125ee15bbf78cd20a5ff80b9b463f4b7ee585b24edc45cd8a,CAT-AD,phys_penalty_pgd,50,45,858840,565521,0.6584707279586419,858840,858840,8.944399998433994e-08,2.999999981767587e-08,6.740000002558588e-08,7.924661003855248e-08,8.598616098332008e-08,0,0,0,0,0,0,0,0,858840,0,626349,232491,566126,818846,564526,995,565521,0,0,0,NOT AVAILABLE,exact_numpy_linear
cross,loss|model|attack_family|K|split,cw,1c6fe104a6455c5e8c7906d169930353ebaee24d644fb3fe760b0976152a6343,CAT-AD,phys_projection_pgd,20,45,353640,234048,0.6618255853410248,353640,353640,8.929999995022087e-08,2.97556499440077e-08,6.893999993651256e-08,8.005000002975216e-08,8.633952697789642e-08,0,0,0,0,0,0,0,0,353640,0,247376,106264,234271,350650,233475,573,234048,0,0,0,NOT AVAILABLE,exact_numpy_linear
cross,loss|model|attack_family|K|split,cw,e6be865b5451df643cc932b6a2024ce48758a2b4d43993dad0cbe7181e51f9d1,CAT-AD,phys_projection_pgd,50,45,858840,565689,0.6586663406455219,858840,858840,8.96089999979921e-08,2.999999981767587e-08,6.722000001069262e-08,7.92196099452802e-08,8.592000000362532e-08,0,0,0,0,0,0,0,0,858840,0,628159,230681,566338,817137,564679,1010,565689,0,0,0,NOT AVAILABLE,exact_numpy_linear
cross,loss|model|attack_family|K|split,cw,95bb19ae9579c486724c8fc008da9dfc7a14b5c6f4c0c8b9a2f865e15e2a6bae,BiLSTM-ERM,norm_pgd,20,46,224490,147125,0.6553744042050871,224490,224490,8.882300006618493e-08,3.0000000039720476e-08,6.000000007944095e-08,6.000000007944095e-08,7.870000007237365e-08,0,0,0,0,0,0,0,0,224490,0,202167,22323,147134,155685,147113,12,147125,0,0,0,NOT AVAILABLE,exact_numpy_linear
cross,loss|model|attack_family|K|split,cw,acfeb2894eea46394c972c4913e07b046a8983d95916b4514e9d5c659170b04f,BiLSTM-ERM,norm_pgd,50,46,545190,352273,0.6461472147324786,545190,545190,8.897000003393885e-08,3.0000000039720476e-08,6.000000007944095e-08,6.000000007944095e-08,7.628676989368441e-08,0,0,0,0,0,0,0,0,545190,0,497004,48186,352292,366293,352256,17,352273,0,0,0,NOT AVAILABLE,exact_numpy_linear
cross,loss|model|attack_family|K|split,cw,013fc5d922d24f643b0d41a427e0504b36fd3e14aeca2c414191c1de3d9abfe6,BiLSTM-ERM,phys_hybrid_pgd,20,46,224490,146029,0.6504922268252483,224490,224490,8.762200010004051e-08,3.0000000039720476e-08,6.000000007944095e-08,6.119999995668479e-08,7.877562101055168e-08,0,0,0,0,0,0,0,0,224490,0,201877,22613,146035,155017,146016,13,146029,0,0,0,NOT AVAILABLE,exact_numpy_linear
cross,loss|model|attack_family|K|split,cw,3661e4b3e65f6a59f73ae0985f48985530f40164890a58c42e2ff126199d0c2c,BiLSTM-ERM,phys_hybrid_pgd,50,46,545190,350769,0.6433885434435701,545190,545190,8.941000007034461e-08,2.9999999928698173e-08,6.000000007944095e-08,6.000000007944095e-08,7.759999998135925e-08,0,0,0,0,0,0,0,0,545190,0,497625,47565,350789,365517,350742,27,350769,0,0,0,NOT AVAILABLE,exact_numpy_linear
cross,loss|model|attack_family|K|split,cw,af7b520d598b974c869a7c7e71bb9df78d559c0a81a02d7eaa1b46a4d907c8bd,BiLSTM-ERM,phys_penalty_pgd,20,46,224490,146071,0.6506793175642568,224490,224490,8.903699999507353e-08,3.0000000039720476e-08,6.000000007944095e-08,6.000000007944095e-08,7.833000004175972e-08,0,0,0,0,0,0,0,0,224490,0,202445,22045,146088,155205,146055,16,146071,0,0,0,NOT AVAILABLE,exact_numpy_linear
cross,loss|model|attack_family|K|split,cw,1df47ee712acac0554ee5f8aa00bd46ff4c6d7e92f6e8887dbf63385142adf2e,BiLSTM-ERM,phys_penalty_pgd,50,46,545190,350242,0.6424219079586933,545190,545190,8.814999996609174e-08,2.9999999928698173e-08,6.000000007944095e-08,6.000000007944095e-08,7.64000001041154e-08,0,0,0,0,0,0,0,0,545190,0,497610,47580,350270,364746,350226,16,350242,0,0,0,NOT AVAILABLE,exact_numpy_linear
cross,loss|model|attack_family|K|split,cw,5f091feab2bb1f08c055f7f3a4a2fc076a92942fc04ce084ddf0263f3757e7bd,BiLSTM-ERM,phys_projection_pgd,20,46,224490,148076,0.6596106730812062,224490,224490,8.862000000497972e-08,3.0000000039720476e-08,6.000000007944095e-08,6.088331990561341e-08,7.855555000368935e-08,0,0,0,0,0,0,0,0,224490,0,201593,22897,148085,157730,148059,17,148076,0,0,0,NOT AVAILABLE,exact_numpy_linear
cross,loss|model|attack_family|K|split,cw,fb8f223499b36603508afbd5da5b5e2f564482c4ebd567a7be534eb929fc66d0,BiLSTM-ERM,phys_projection_pgd,50,46,545190,354619,0.6504503017296722,545190,545190,8.837800002936547e-08,3.0000000039720476e-08,6.000000007944095e-08,6.000000007944095e-08,7.779999999790732e-08,0,0,0,0,0,0,0,0,545190,0,498473,46717,354643,370200,354598,21,354619,0,0,0,NOT AVAILABLE,exact_numpy_linear
cross,loss|model|attack_family|K|split,cw,54f59dd00cbeca6024012475f5937a8e44e07443b3c75617734fd52d1349d1b9,CAT-AD,norm_pgd,20,46,224490,147870,0.658693037551784,224490,224490,8.930000006124317e-08,2.980959995513288e-08,6.730000001731185e-08,7.918022000841238e-08,8.61335769986038e-08,0,0,0,0,0,0,0,0,224490,0,161478,63012,147963,216489,147564,306,147870,0,0,0,NOT AVAILABLE,exact_numpy_linear
cross,loss|model|attack_family|K|split,cw,3956841dd4d3d1f65624fcfbacfc5226bd9687692ff1028c239acecf5230ebb8,CAT-AD,norm_pgd,50,46,545190,357512,0.6557567086703718,545190,545190,8.935000006538019e-08,2.9999999928698173e-08,6.400855006027937e-08,7.714999995633853e-08,8.531810995382458e-08,0,0,0,0,0,0,0,0,545190,0,421042,124148,357719,487691,357059,453,357512,0,0,0,NOT AVAILABLE,exact_numpy_linear
cross,loss|model|attack_family|K|split,cw,6fbf124f822b353808ddf78afcb7d8ea316a9520495f956a39cea3c531a51fe8,CAT-AD,phys_hybrid_pgd,20,46,224490,147916,0.6588979464564123,224490,224490,8.919000005214173e-08,2.9700000014898364e-08,6.829999993906987e-08,7.977109993895212e-08,8.623902205173727e-08,0,0,0,0,0,0,0,0,224490,0,159258,65232,148011,218966,147568,348,147916,0,0,0,NOT AVAILABLE,exact_numpy_linear
cross,loss|model|attack_family|K|split,cw,b6fdb2abab237896d9b0b236516a3e682b2af8f032ea38b3a213584ef6599a04,CAT-AD,phys_hybrid_pgd,50,46,545190,356732,0.6543260147838368,545190,545190,8.958000008441047e-08,2.9999999928698173e-08,6.472300007054343e-08,7.773211005646095e-08,8.539999996060033e-08,0,0,0,0,0,0,0,0,545190,0,416430,128760,357016,494604,356302,430,356732,0,0,0,NOT AVAILABLE,exact_numpy_linear
cross,loss|model|attack_family|K|split,cw,1ac31f417953157e378cc4d668475ed2807c50940a80da0ea5a770dbe4f5af13,CAT-AD,phys_penalty_pgd,20,46,224490,147755,0.6581807652902134,224490,224490,8.93339999752385e-08,2.9700000014898364e-08,6.766000004709838e-08,7.932066002247486e-08,8.592911002658352e-08,0,0,0,0,0,0,0,0,224490,0,160196,64294,147845,218208,147411,344,147755,0,0,0,NOT AVAILABLE,exact_numpy_linear
cross,loss|model|attack_family|K|split,cw,f3366c0141a25f878d2c26ac97b226536c628c03cec6af7dc83765ca9ee453c3,CAT-AD,phys_penalty_pgd,50,46,545190,357046,0.6549019607843137,545190,545190,8.947999996511413e-08,2.9999999928698173e-08,6.424954999695308e-08,7.739643994475459e-08,8.534829897310902e-08,0,0,0,0,0,0,0,0,545190,0,417821,127369,357219,491685,356545,501,357046,0,0,0,NOT AVAILABLE,exact_numpy_linear
cross,loss|model|attack_family|K|split,cw,b5b77f6ea7705f816a999542fb574267cce5f572f57357ea0761aa3da7a73abc,CAT-AD,phys_projection_pgd,20,46,224490,147520,0.6571339480600472,224490,224490,8.926000005793355e-08,2.9700000014898364e-08,6.780300010333917e-08,7.952499991858986e-08,8.625000003092964e-08,0,0,0,0,0,0,0,0,224490,0,159049,65441,147643,219448,147160,360,147520,0,0,0,NOT AVAILABLE,exact_numpy_linear
cross,loss|model|attack_family|K|split,cw,9be90e5f5de357a6d108ca9ec5123a562f5041bdc1dafd85ec80c9ceb6162f0d,CAT-AD,phys_projection_pgd,50,46,545190,357428,0.6556026339441295,545190,545190,8.933000006372538e-08,2.9999999928698173e-08,6.479999992148322e-08,7.788000000452655e-08,8.549999996887436e-08,0,0,0,0,0,0,0,0,545190,0,414970,130220,357679,495493,356925,503,357428,0,0,0,NOT AVAILABLE,exact_numpy_linear
cross,loss|model|attack_family|K|split,margin,0162565585963a9dd7c799d49e2ae2d8ab6d6670d7934088d0e409c3b69e2014,BiLSTM-ERM,norm_pgd,20,42,421365,268053,0.6361539283044392,421365,421365,8.920000005296913e-08,2.9999999928698173e-08,6.000000007944095e-08,7.496288000119467e-08,8.230000003717208e-08,0,0,0,0,0,0,0,0,421365,0,352261,69104,268125,342131,268017,36,268053,0,0,0,NOT AVAILABLE,exact_numpy_linear
cross,loss|model|attack_family|K|split,margin,38ecdc4f045044192c8e43a4653ece48449baeb2f8412ffa4c9fe4304ebccd00,BiLSTM-ERM,norm_pgd,50,42,1023315,655451,0.640517338258503,1023315,1023315,8.926000005793355e-08,2.9999999928698173e-08,6.299999988357285e-08,7.527000001061879e-08,8.433999998391783e-08,0,0,0,0,0,0,0,0,1023315,0,821202,202113,655823,879065,655199,252,655451,0,0,0,NOT AVAILABLE,exact_numpy_linear
cross,loss|model|attack_family|K|split,margin,6375d8329daa45783bd713447c215dc619c5088ef8e5e2e15035c11339a0a74d,BiLSTM-ERM,phys_hybrid_pgd,20,42,421365,269591,0.6398039704294377,421365,421365,8.892000002980183e-08,2.9999999928698173e-08,6.000000007944095e-08,7.489999998000485e-08,8.240000015646842e-08,0,0,0,0,0,0,0,0,421365,0,352503,68862,269675,340914,269540,51,269591,0,0,0,NOT AVAILABLE,exact_numpy_linear
cross,loss|model|attack_family|K|split,margin,7279c5e3987f1c10988f3d617deae68c9ab740bdffacc7fc612a15ebd56cf423,BiLSTM-ERM,phys_hybrid_pgd,50,42,1023315,658985,0.6439708203241427,1023315,1023315,8.947999996511413e-08,2.9999999928698173e-08,6.319999990012093e-08,7.590000006274522e-08,8.45399999656049e-08,0,0,0,0,0,0,0,0,1023315,0,818874,204441,659407,882391,658683,302,658985,0,0,0,NOT AVAILABLE,exact_numpy_linear
cross,loss|model|attack_family|K|split,margin,e84cb56de9dec86c792b8c04ffd9138dd96c8a4b403a8e1ce60047a4ce5b865a,BiLSTM-ERM,phys_penalty_pgd,20,42,421365,270113,0.6410428013717323,421365,421365,8.935000006538019e-08,2.9999999928698173e-08,6.000000007944095e-08,7.479999997173081e-08,8.239999993442382e-08,0,0,0,0,0,0,0,0,421365,0,352725,68640,270182,340158,270074,39,270113,0,0,0,NOT AVAILABLE,exact_numpy_linear
cross,loss|model|attack_family|K|split,margin,67b533b69b75ceb3ae35ab23948c63daf89d86facf0ef45de6d09a6093ea0842,BiLSTM-ERM,phys_penalty_pgd,50,42,1023315,657805,0.6428177052031877,1023315,1023315,8.946000007448163e-08,2.9999999928698173e-08,6.300000010561746e-08,7.574000004950676e-08,8.455686003672178e-08,0,0,0,0,0,0,0,0,1023315,0,820859,202456,658235,878808,657520,285,657805,0,0,0,NOT AVAILABLE,exact_numpy_linear
cross,loss|model|attack_family|K|split,margin,cd68a8e1df1bc89eaaa54514a2a696f9ad75225b32dd0115f5fa55f19d608a0f,BiLSTM-ERM,phys_projection_pgd,20,42,421365,269594,0.6398110901474968,421365,421365,8.883399993386831e-08,2.9999999928698173e-08,6.000000007944095e-08,7.499999998827889e-08,8.243271993713106e-08,0,0,0,0,0,0,0,0,421365,0,351649,69716,269672,342163,269559,35,269594,0,0,0,NOT AVAILABLE,exact_numpy_linear
cross,loss|model|attack_family|K|split,margin,18760fa1bca52874fb744015c9d3d706b6593a56c704a8906c2e73191ec7e0b3,BiLSTM-ERM,phys_projection_pgd,50,42,1023315,659304,0.6442825522932821,1023315,1023315,8.946000007448163e-08,2.9999999928698173e-08,6.31499999292906e-08,7.598000005382133e-08,8.475000001784139e-08,0,0,0,0,0,0,0,0,1023315,0,818456,204859,659744,882503,659019,285,659304,0,0,0,NOT AVAILABLE,exact_numpy_linear
cross,loss|model|attack_family|K|split,margin,030afecf27c288f29d43058f4a2b6db80c6be48f72219d702516e0d51984d23f,CAT-AD,norm_pgd,20,42,421365,278460,0.660852230251682,421365,421365,8.941000007034461e-08,2.988000002979163e-08,6.85908000175317e-08,7.988999994879009e-08,8.606000001520897e-08,0,0,0,0,0,0,0,0,421365,0,299555,121810,278703,412789,277938,522,278460,0,0,0,NOT AVAILABLE,exact_numpy_linear
cross,loss|model|attack_family|K|split,margin,a120b1afa053422f41c9119fc45d166e89577a4c683601143d5ea704bf00ed47,CAT-AD,norm_pgd,50,42,1023315,667489,0.6522810669246517,1023315,1023315,8.933000006372538e-08,2.98000000231724e-08,6.699999999248973e-08,7.85367200206721e-08,8.564405800171034e-08,0,0,0,0,0,0,0,0,1023315,0,751101,272214,667949,974123,666440,1049,667489,0,0,0,NOT AVAILABLE,exact_numpy_linear
cross,loss|model|attack_family|K|split,margin,ede3cdd5678c2ad1ac1d84d9d737c95157148fffc00fc0a5f6502e53718187ec,CAT-AD,phys_hybrid_pgd,20,42,421365,278546,0.6610563288360447,421365,421365,8.96089999979921e-08,2.9760000019862787e-08,6.888000003701933e-08,7.994107996900364e-08,8.613363605158853e-08,0,0,0,0,0,0,0,0,421365,0,297679,123686,278762,415304,277973,573,278546,0,0,0,NOT AVAILABLE,exact_numpy_linear
cross,loss|model|attack_family|K|split,margin,c1bb155d4e61946da2b60cd108558008c4248677785bbd0050efd25d2d8f99de,CAT-AD,phys_hybrid_pgd,50,42,1023315,667975,0.6527559939998925,1023315,1023315,8.947000007530903e-08,2.977000002069019e-08,6.70672000602221e-08,7.868500005558943e-08,8.579999999369647e-08,0,0,0,0,0,0,0,0,1023315,0,747187,276128,668531,977015,666906,1069,667975,0,0,0,NOT AVAILABLE,exact_numpy_linear
cross,loss|model|attack_family|K|split,margin,5f96ee3703087fed311455b5cf1f37b3a0e1e31ee3ae0933ed938062b548ece2,CAT-AD,phys_penalty_pgd,20,42,421365,278256,0.6603680894236589,421365,421365,8.943899998392624e-08,2.973700008457314e-08,6.861360004606352e-08,7.986999994713528e-08,8.629000003423926e-08,0,0,0,0,0,0,0,0,421365,0,298453,122912,278513,414813,277698,558,278256,0,0,0,NOT AVAILABLE,exact_numpy_linear
cross,loss|model|attack_family|K|split,margin,2fac558441cfb1ccd6937dbce3b96c0a8992f30cf20979a8d35e981a9d7b3c65,CAT-AD,phys_penalty_pgd,50,42,1023315,668039,0.6528185358369613,1023315,1023315,8.940899998144403e-08,2.98000000231724e-08,6.699999999248973e-08,7.860000006409962e-08,8.579999999369647e-08,0,0,0,0,0,0,0,0,1023315,0,748939,274376,668511,976025,666921,1118,668039,0,0,0,NOT AVAILABLE,exact_numpy_linear
cross,loss|model|attack_family|K|split,margin,e06f6d212091d1b8af02c747ba40891965f6eb6028c83bd88acb1b674da35cf1,CAT-AD,phys_projection_pgd,20,42,421365,277835,0.6593689556560227,421365,421365,8.943999996180452e-08,2.9720000016553172e-08,6.874999991524078e-08,7.980999994217086e-08,8.614363594139363e-08,0,0,0,0,0,0,0,0,421365,0,297394,123971,278104,415386,277232,603,277835,0,0,0,NOT AVAILABLE,exact_numpy_linear
cross,loss|model|attack_family|K|split,margin,f2e5844e4d90b519e77a393899d5ccd0cdab8f500f61717c977fb53250d1cb19,CAT-AD,phys_projection_pgd,50,42,1023315,668312,0.6530853158607076,1023315,1023315,8.955599994919794e-08,2.98000000231724e-08,6.707830000340913e-08,7.862999995555953e-08,8.57836860976846e-08,0,0,0,0,0,0,0,0,1023315,0,746691,276624,668793,977346,667175,1137,668312,0,0,0,NOT AVAILABLE,exact_numpy_linear
cross,loss|model|attack_family|K|split,margin,d0cc5fdeee83c81165f4ddb7c4b4a7b33c257f06ae39e80b7aca28be472e8d16,BiLSTM-ERM,norm_pgd,20,43,445515,284433,0.6384364162822801,445515,445515,8.918000005131432e-08,2.999999981767587e-08,6.578999992568057e-08,7.659859992958914e-08,8.479097205671411e-08,0,0,0,0,0,0,0,0,445515,0,346801,98714,284533,401397,284249,184,284433,0,0,0,NOT AVAILABLE,exact_numpy_linear
cross,loss|model|attack_family|K|split,margin,9e72b9e82429448673beeba200772fc7be35e2e70b0542678a8c9f2bb1dd10a8,BiLSTM-ERM,norm_pgd,50,43,1081965,697250,0.6444293484539704,1081965,1081965,8.955599994919794e-08,2.9899999920424136e-08,6.679999997594166e-08,7.790000000618136e-08,8.530000006334859e-08,0,0,0,0,0,0,0,0,1081965,0,819287,262678,697656,1007366,696632,618,697250,0,0,0,NOT AVAILABLE,exact_numpy_linear
cross,loss|model|attack_family|K|split,margin,764e70a283a3572cabb61f138d20c52eb654ffc842b6f509500cde27ca213af4,BiLSTM-ERM,phys_hybrid_pgd,20,43,445515,283823,0.6370672143474406,445515,445515,8.939599993595948e-08,2.999999981767587e-08,6.443300004654873e-08,7.581000005529859e-08,8.469486012430113e-08,0,0,0,0,0,0,0,0,445515,0,350856,94659,283939,395921,283651,172,283823,0,0,0,NOT AVAILABLE,exact_numpy_linear
cross,loss|model|attack_family|K|split,margin,64d00bb73f7ec3debdd3714c4d77b583039cae05d1d96b301ed3aff58988d84d,BiLSTM-ERM,phys_hybrid_pgd,50,43,1081965,694914,0.6422703137347326,1081965,1081965,8.960999997587038e-08,2.990000003144644e-08,6.659999995939359e-08,7.749999997308521e-08,8.509999993577821e-08,0,0,0,0,0,0,0,0,1081965,0,826581,255384,695237,998272,694316,598,694914,0,0,0,NOT AVAILABLE,exact_numpy_linear
cross,loss|model|attack_family|K|split,margin,cdef8ba0164baddd154e9b11c8bea882c7b3dbff4a7780cb30562e9656208525,BiLSTM-ERM,phys_penalty_pgd,20,43,445515,283620,0.6366115619002727,445515,445515,8.924899996820557e-08,2.9999999928698173e-08,6.458439995027367e-08,7.594000006605484e-08,8.451486005545103e-08,0,0,0,0,0,0,0,0,445515,0,349705,95810,283717,396660,283445,175,283620,0,0,0,NOT AVAILABLE,exact_numpy_linear
cross,loss|model|attack_family|K|split,margin,3a4c2bcdb6c2acdce6042621e9d9f01e2488534285fdb94c834a0d5f8bea15f9,BiLSTM-ERM,phys_penalty_pgd,50,43,1081965,695607,0.6429108150448489,1081965,1081965,8.968999998248961e-08,2.990000003144644e-08,6.659999995939359e-08,7.76359999310472e-08,8.515510815598783e-08,0,0,0,0,0,0,0,0,1081965,0,824638,257327,696067,1000375,695011,596,695607,0,0,0,NOT AVAILABLE,exact_numpy_linear
cross,loss|model|attack_family|K|split,margin,b70988eed7a3b521ca0efbe31481b18d4c7d66867fd7202d31732d30927febae,BiLSTM-ERM,phys_projection_pgd,20,43,445515,284124,0.6377428369415171,445515,445515,8.91000000446951e-08,2.9999999928698173e-08,6.497000004657139e-08,7.609999996827099e-08,8.481588800357522e-08,0,0,0,0,0,0,0,0,445515,0,349593,95922,284263,397341,283956,168,284124,0,0,0,NOT AVAILABLE,exact_numpy_linear
cross,loss|model|attack_family|K|split,margin,00f91c4c789cb8c105a2d87ad9ff27706c149e5f1ee5714b187a27816b4526d2,BiLSTM-ERM,phys_projection_pgd,50,43,1081965,694691,0.6420642072525451,1081965,1081965,8.944399998433994e-08,2.990000003144644e-08,6.668879994897694e-08,7.765999998632367e-08,8.519999994405225e-08,0,0,0,0,0,0,0,0,1081965,0,825761,256204,695069,999757,694115,576,694691,0,0,0,NOT AVAILABLE,exact_numpy_linear
cross,loss|model|attack_family|K|split,margin,6b1dcef04b88696e732126dd8818f17987d52418bb0f352d8e5c56b9d2c7c56a,CAT-AD,norm_pgd,20,43,445515,295328,0.662891260675847,445515,445515,8.96089999979921e-08,2.98000000231724e-08,6.864329997746664e-08,8.00269999157166e-08,8.641394401087678e-08,0,0,0,0,0,0,0,0,445515,0,310412,135103,295418,442954,294500,828,295328,0,0,0,NOT AVAILABLE,exact_numpy_linear
cross,loss|model|attack_family|K|split,margin,21205dd2d0de7af9d635bf7d04600d663559813e4b8ef132d6477be1efb2e9a2,CAT-AD,norm_pgd,50,43,1081965,711172,0.6572966778038106,1081965,1081965,8.958000008441047e-08,2.9700000014898364e-08,6.750000003385992e-08,7.930735999917015e-08,8.600000001024455e-08,0,0,0,0,0,0,0,0,1081965,0,773170,308795,711605,1054848,709636,1536,711172,0,0,0,NOT AVAILABLE,exact_numpy_linear
cross,loss|model|attack_family|K|split,margin,c3602cf0cfe2a9c60de9e2c8fe6dc56252296bb76a3033af31a71317514dd2b7,CAT-AD,phys_hybrid_pgd,20,43,445515,295591,0.6634815887231631,445515,445515,8.926000005793355e-08,2.98000000231724e-08,6.877400005045331e-08,8.008516005686409e-08,8.626845795567377e-08,0,0,0,0,0,0,0,0,445515,0,310456,135059,295700,443128,294790,801,295591,0,0,0,NOT AVAILABLE,exact_numpy_linear
cross,loss|model|attack_family|K|split,margin,88b5a306b27427f331c99a9603e5c3c020ed8981b4e334243dce1e185a29fba9,CAT-AD,phys_hybrid_pgd,50,43,1081965,710117,0.6563216000517577,1081965,1081965,8.96089999979921e-08,2.9669921075559103e-08,6.750000003385992e-08,7.93699999057651e-08,8.610407203946141e-08,0,0,0,0,0,0,0,0,1081965,0,773215,308750,710504,1053290,708455,1662,710117,0,0,0,NOT AVAILABLE,exact_numpy_linear
cross,loss|model|attack_family|K|split,margin,05d16c68f6bf11b9b2a0f06c144de907bc55f2e4b180235159e82f2ca6eca33f,CAT-AD,phys_penalty_pgd,20,43,445515,295337,0.6629114620158693,445515,445515,8.940899998144403e-08,2.98000000231724e-08,6.879530002334987e-08,8.00630000075131e-08,8.637699999702875e-08,0,0,0,0,0,0,0,0,445515,0,310235,135280,295516,443184,294541,796,295337,0,0,0,NOT AVAILABLE,exact_numpy_linear
cross,loss|model|attack_family|K|split,margin,c6889a604c44947e9673203e6a30499c7de1a843a032f0aa80058a539e665c83,CAT-AD,phys_penalty_pgd,50,43,1081965,710880,0.657026798463906,1081965,1081965,8.955599994919794e-08,2.9700000014898364e-08,6.7402799963645e-08,7.926400003022138e-08,8.600000001024455e-08,0,0,0,0,0,0,0,0,1081965,0,773303,308662,711332,1053698,709290,1590,710880,0,0,0,NOT AVAILABLE,exact_numpy_linear
cross,loss|model|attack_family|K|split,margin,a0e8a1420625323ea462826d41c2ad6d84337dfdb2cf8465d587706c3d4ff9fd,CAT-AD,phys_projection_pgd,20,43,445515,295252,0.6627206715823261,445515,445515,8.942399998268513e-08,2.9755000019449085e-08,6.86353000434181e-08,7.99299999520997e-08,8.630000003506666e-08,0,0,0,0,0,0,0,0,445515,0,310816,134699,295356,443176,294415,837,295252,0,0,0,NOT AVAILABLE,exact_numpy_linear
cross,loss|model|attack_family|K|split,margin,9b44eda6442cca39d6c3bb871bb7e697f8c93969c170ae9cb3c89ff65492f0ee,CAT-AD,phys_projection_pgd,50,43,1081965,710714,0.6568733739076588,1081965,1081965,8.939599993595948e-08,2.9680999880099534e-08,6.740000002558588e-08,7.918799993511527e-08,8.600421603199896e-08,0,0,0,0,0,0,0,0,1081965,0,773433,308532,711230,1054089,709198,1516,710714,0,0,0,NOT AVAILABLE,exact_numpy_linear
cross,loss|model|attack_family|K|split,margin,986198a4b7b93345301f3a17561700359680599fe49b48ed0a47fa47bc99ba68,BiLSTM-ERM,norm_pgd,20,44,410025,266500,0.6499603682702274,410025,410025,8.93339999752385e-08,2.999999981767587e-08,6.681880000414247e-08,7.82999999282552e-08,8.551999997052917e-08,0,0,0,0,0,0,0,0,410025,0,310977,99048,266758,378554,266289,211,266500,0,0,0,NOT AVAILABLE,exact_numpy_linear
cross,loss|model|attack_family|K|split,margin,8e05c402375f6593180f19e888cd4edb3c2ed01afd044eaf89ee87a2e42b792d,BiLSTM-ERM,norm_pgd,50,44,995775,651946,0.6547121588712309,995775,995775,8.940899998144403e-08,2.999999981767587e-08,6.727000001482963e-08,7.875999996631577e-08,8.570000001051347e-08,0,0,0,0,0,0,0,0,995775,0,733656,262119,652590,943479,651084,862,651946,0,0,0,NOT AVAILABLE,exact_numpy_linear
cross,loss|model|attack_family|K|split,margin,d21679859609c8912bb8752b0eae0d12c337dcc2ca7d52219bac989b58e8eabc,BiLSTM-ERM,phys_hybrid_pgd,20,44,410025,265652,0.6478922016950186,410025,410025,8.911399995703562e-08,2.999999981767587e-08,6.619999992629744e-08,7.779999999790732e-08,8.532975995478889e-08,0,0,0,0,0,0,0,0,410025,0,315560,94465,265884,372138,265473,179,265652,0,0,0,NOT AVAILABLE,exact_numpy_linear
cross,loss|model|attack_family|K|split,margin,72fca9d016f6beff87b9b20e9cf596151a0d7d8de9c7bd525b160b86e7a2cd11,BiLSTM-ERM,phys_hybrid_pgd,50,44,995775,651585,0.6543496271748136,995775,995775,8.968999998248961e-08,2.998999992787077e-08,6.722000001069262e-08,7.884000008395731e-08,8.577112999130788e-08,0,0,0,0,0,0,0,0,995775,0,736995,258780,652219,940647,650737,848,651585,0,0,0,NOT AVAILABLE,exact_numpy_linear
cross,loss|model|attack_family|K|split,margin,875d7929c7033958fcd538904139d57508b3b6bb62a3cfc401ef519fb5d4151d,BiLSTM-ERM,phys_penalty_pgd,20,44,410025,266592,0.6501847448326321,410025,410025,8.919000005214173e-08,2.999999981767587e-08,6.659999995939359e-08,7.810000002272943e-08,8.550000007723212e-08,0,0,0,0,0,0,0,0,410025,0,313371,96654,266805,374894,266392,200,266592,0,0,0,NOT AVAILABLE,exact_numpy_linear
cross,loss|model|attack_family|K|split,margin,85e6c957fdb822ba163da0c8bc1f289e5422832ca1559d488d0b472e9e92cb39,BiLSTM-ERM,phys_penalty_pgd,50,44,995775,652341,0.6551088348271447,995775,995775,8.932799999694652e-08,2.999999981767587e-08,6.720000000903781e-08,7.888000008726692e-08,8.58699999994883e-08,0,0,0,0,0,0,0,0,995775,0,736175,259600,652982,940856,651458,883,652341,0,0,0,NOT AVAILABLE,exact_numpy_linear
cross,loss|model|attack_family|K|split,margin,40fdcc9ff211a1c124334e8b63f579cbae0c68e1c35cad4e4a77bebac222e0b3,BiLSTM-ERM,phys_projection_pgd,20,44,410025,266222,0.6492823608316566,410025,410025,8.960999997587038e-08,2.999999981767587e-08,6.607000002656349e-08,7.788000000452655e-08,8.53597599572711e-08,0,0,0,0,0,0,0,0,410025,0,315111,94914,266390,372816,266032,190,266222,0,0,0,NOT AVAILABLE,exact_numpy_linear
cross,loss|model|attack_family|K|split,margin,6e8289ffb507a7d5d6be314bf6457e4a42e32ddcb503b9b5903234f62f1daa94,BiLSTM-ERM,phys_projection_pgd,50,44,995775,650290,0.6530491325851724,995775,995775,8.968999998248961e-08,2.9920000033101246e-08,6.710000000076377e-08,7.869999985032905e-08,8.571800003132068e-08,0,0,0,0,0,0,0,0,995775,0,738943,256832,650965,937563,649500,790,650290,0,0,0,NOT AVAILABLE,exact_numpy_linear
cross,loss|model|attack_family|K|split,margin,bb5863c4208494300ac077b9f15f68ed1888cb509b4622009ba0733a597576fe,CAT-AD,norm_pgd,20,44,410025,268782,0.655525882568136,410025,410025,8.96089999979921e-08,2.9380200050610483e-08,6.53210000534088e-08,7.84080399540699e-08,8.590000000197051e-08,0,0,0,0,0,0,0,0,410025,0,290981,119044,268814,397480,268007,775,268782,0,0,0,NOT AVAILABLE,exact_numpy_linear
cross,loss|model|attack_family|K|split,margin,9a0fdf4be96a4e0c3a265e87bf5d81495b63faf9ce330e1e27953436866a7187,CAT-AD,norm_pgd,50,44,995775,638194,0.6409018101478747,995775,995775,8.942399998268513e-08,2.8999999956980105e-08,6.509000005650023e-08,7.804200000238737e-08,8.569612998510236e-08,0,0,0,0,0,0,0,0,995775,0,724027,271748,638534,934535,636712,1482,638194,0,0,0,NOT AVAILABLE,exact_numpy_linear
cross,loss|model|attack_family|K|split,margin,ab5805c3b2067588519d3f4b36edfe198d4d7079ebcecd6460dc29e51f94ab8a,CAT-AD,phys_hybrid_pgd,20,44,410025,268719,0.6553722334004024,410025,410025,8.968999998248961e-08,2.9428109948881342e-08,6.497299998020623e-08,7.80797599420069e-08,8.575185594850169e-08,0,0,0,0,0,0,0,0,410025,0,290315,119710,268835,397041,267969,750,268719,0,0,0,NOT AVAILABLE,exact_numpy_linear
cross,loss|model|attack_family|K|split,margin,476b0bee9216e05c4f0f7556c234319fecdf7f8f8c6a60ccf5f50e5504e3eae4,CAT-AD,phys_hybrid_pgd,50,44,995775,629675,0.6323466646581808,995775,995775,8.958000008441047e-08,2.8646000016507855e-08,6.470000002423149e-08,7.797599999026517e-08,8.564280802936271e-08,0,0,0,0,0,0,0,0,995775,0,727526,268249,629959,919219,628150,1525,629675,0,0,0,NOT AVAILABLE,exact_numpy_linear
cross,loss|model|attack_family|K|split,margin,ba69c5615f40019cc736f07bcdc6d2b1f997fb46b7d00571e04545966e7cc8dd,CAT-AD,phys_penalty_pgd,20,44,410025,268661,0.6552307786110603,410025,410025,8.93850000682761e-08,2.9368500076287773e-08,6.49100000194025e-08,7.812900002068801e-08,8.571123194300944e-08,0,0,0,0,0,0,0,0,410025,0,290768,119257,268686,397466,267883,778,268661,0,0,0,NOT AVAILABLE,exact_numpy_linear
cross,loss|model|attack_family|K|split,margin,e1eac5534d1fd5d9c397afe2974dc47c21a8a6f6a973ca7fcb6e4663c1620a29,CAT-AD,phys_penalty_pgd,50,44,995775,631103,0.6337807235570284,995775,995775,8.968999998248961e-08,2.8699999932157993e-08,6.468192995656707e-08,7.790326001622106e-08,8.55999999771484e-08,0,0,0,0,0,0,0,0,995775,0,727905,267870,631435,923496,629564,1539,631103,0,0,0,NOT AVAILABLE,exact_numpy_linear
cross,loss|model|attack_family|K|split,margin,9b216e0509019522d30910e35dfbbdcc3323564c353c6556697eb159d71be507,CAT-AD,phys_projection_pgd,20,44,410025,268406,0.6546088653130907,410025,410025,8.929100003829404e-08,2.9386999944591707e-08,6.478899994277754e-08,7.816899993962068e-08,8.574997598742586e-08,0,0,0,0,0,0,0,0,410025,0,290893,119132,268432,396814,267591,815,268406,0,0,0,NOT AVAILABLE,exact_numpy_linear
cross,loss|model|attack_family|K|split,margin,e4b9a42ebad86d2fd6921a6312fc6d9dbc7fdcb4b6f65d4fb600a72b84eb3075,CAT-AD,phys_projection_pgd,50,44,995775,629872,0.6325445005146745,995775,995775,8.933999995353048e-08,2.8649999928020975e-08,6.455200000088367e-08,7.792000000783617e-08,8.55999999771484e-08,0,0,0,0,0,0,0,0,995775,0,727726,268049,630204,920151,628363,1509,629872,0,0,0,NOT AVAILABLE,exact_numpy_linear
cross,loss|model|attack_family|K|split,margin,ecf08e15c454de1fb851c2799b4fdec8858d5e34372a946f23542c23b7e47d1c,BiLSTM-ERM,norm_pgd,20,45,353640,229789,0.6497822644497229,353640,353640,8.91000000446951e-08,2.9600000006624327e-08,6.045905002194373e-08,7.519182996351676e-08,8.476233201637455e-08,0,0,0,0,0,0,0,0,353640,0,265964,87676,229863,318114,229326,463,229789,0,0,0,NOT AVAILABLE,exact_numpy_linear
cross,loss|model|attack_family|K|split,margin,3506258e4bc14475e12b202023523b4e596f02cf3b536cc9ffa96925f2b31ee9,BiLSTM-ERM,norm_pgd,50,45,858840,488970,0.5693377113315635,858840,858840,8.960200004182184e-08,2.4929771136328327e-08,5.972000505227725e-08,7.454765991621306e-08,8.400000006680841e-08,0,0,0,0,0,0,0,0,858840,0,680641,178199,489202,647864,488048,922,488970,0,0,0,NOT AVAILABLE,exact_numpy_linear
cross,loss|model|attack_family|K|split,margin,12d7ab822e7112b44fc04da9af9e5928fc91281a2b506a0e8c8d5712619a5137,BiLSTM-ERM,phys_hybrid_pgd,20,45,353640,230421,0.6515693926026468,353640,353640,8.944399998433994e-08,2.966638501522567e-08,6.010000008771499e-08,7.528621998487136e-08,8.493605405912562e-08,0,0,0,0,0,0,0,0,353640,0,266286,87354,230499,317663,229978,443,230421,0,0,0,NOT AVAILABLE,exact_numpy_linear
cross,loss|model|attack_family|K|split,margin,e47c1357e1540293101b72fd516d54bd649d424c947df8eac460f9532641c39e,BiLSTM-ERM,phys_hybrid_pgd,50,45,858840,481965,0.5611813609054073,858840,858840,8.935000006538019e-08,2.4355503003281598e-08,5.96000000463448e-08,7.423960993402366e-08,8.383200000849911e-08,0,0,0,0,0,0,0,0,858840,0,684737,174103,482174,631496,481081,884,481965,0,0,0,NOT AVAILABLE,exact_numpy_linear
cross,loss|model|attack_family|K|split,margin,795931cdb45753cf2419d5190aae4797088dd88b9c41d3f6fab604e928bf2f44,BiLSTM-ERM,phys_penalty_pgd,20,45,353640,229896,0.6500848320325755,353640,353640,8.919799998619027e-08,2.957892208943491e-08,6.038599997815197e-08,7.544000002468465e-08,8.47859419381697e-08,0,0,0,0,0,0,0,0,353640,0,266515,87125,229997,316973,229465,431,229896,0,0,0,NOT AVAILABLE,exact_numpy_linear
cross,loss|model|attack_family|K|split,margin,ee673b488429883907df5ce51393b07b7479a001a090b067490c530bc6a0a45a,BiLSTM-ERM,phys_penalty_pgd,50,45,858840,478040,0.5566112430720507,858840,858840,8.933999995353048e-08,2.4043082968994156e-08,5.96000000463448e-08,7.429999993036063e-08,8.380000005026034e-08,0,0,0,0,0,0,0,0,858840,0,686483,172357,478282,625828,477199,841,478040,0,0,0,NOT AVAILABLE,exact_numpy_linear
cross,loss|model|attack_family|K|split,margin,1c0fac75b534e0f9271fc3b7fbe929dd0aae10305adfe4d54c75b7765ad75b3c,BiLSTM-ERM,phys_projection_pgd,20,45,353640,230168,0.6508539757945934,353640,353640,8.924899996820557e-08,2.964802003901923e-08,6.007000008523278e-08,7.5300000013101e-08,8.454872195862158e-08,0,0,0,0,0,0,0,0,353640,0,266552,87088,230321,317061,229741,427,230168,0,0,0,NOT AVAILABLE,exact_numpy_linear
cross,loss|model|attack_family|K|split,margin,18e98f66c12254db4abd25f99e6c6e8b4d66ad3f6fbf012e32c819f947336f7d,BiLSTM-ERM,phys_projection_pgd,50,45,858840,478048,0.5566205579619021,858840,858840,8.923599992272102e-08,2.399999998736746e-08,5.9579657996078315e-08,7.424999999394721e-08,8.361199999029623e-08,0,0,0,0,0,0,0,0,858840,0,686918,171922,478226,624958,477198,850,478048,0,0,0,NOT AVAILABLE,exact_numpy_linear
cross,loss|model|attack_family|K|split,margin,8a4fe9ac0df1c0587f4b1d8b9a15cf983db364e6367de1e66164fa3df23eeb94,CAT-AD,norm_pgd,20,45,353640,233960,0.6615767447121367,353640,353640,8.940899998144403e-08,2.9780000021517594e-08,6.872999991358597e-08,7.996999995540932e-08,8.622233198607413e-08,0,0,0,0,0,0,0,0,353640,0,247984,105656,234172,350486,233378,582,233960,0,0,0,NOT AVAILABLE,exact_numpy_linear
cross,loss|model|attack_family|K|split,margin,b328788c8a7563acab7a44f77cd7b3138e11000970c9646307e1c50f77874256,CAT-AD,norm_pgd,50,45,858840,566327,0.6594092031111732,858840,858840,8.960999997587038e-08,2.979699997851526e-08,6.809000008267674e-08,7.958000003416288e-08,8.61241270398991e-08,0,0,0,0,0,0,0,0,858840,0,612092,246748,566872,839870,565164,1163,566327,0,0,0,NOT AVAILABLE,exact_numpy_linear
cross,loss|model|attack_family|K|split,margin,26f78d7f503da24e9507a47e775266185a9f36982a304b4365eeda589d86b195,CAT-AD,phys_hybrid_pgd,20,45,353640,234714,0.6637088564642009,353640,353640,8.939599993595948e-08,2.977249990987474e-08,6.890999992847924e-08,8.01699999719574e-08,8.63832490499703e-08,0,0,0,0,0,0,0,0,353640,0,246735,106905,234926,351826,234158,556,234714,0,0,0,NOT AVAILABLE,exact_numpy_linear
cross,loss|model|attack_family|K|split,margin,510d602963363ab58256fcc6703e80eb6e1839c1feae496a9fb7b5ddc0b567bb,CAT-AD,phys_hybrid_pgd,50,45,858840,565860,0.6588654464160961,858840,858840,8.947999996511413e-08,2.974000001820798e-08,6.812104995645989e-08,7.963583002035253e-08,8.6121322008803e-08,0,0,0,0,0,0,0,0,858840,0,610317,248523,566631,841149,564814,1046,565860,0,0,0,NOT AVAILABLE,exact_numpy_linear
cross,loss|model|attack_family|K|split,margin,83b919c74d7fd9c4f5a3af1c57f77edc4e8f42cf6b218a6cf92f365b608e1bac,CAT-AD,phys_penalty_pgd,20,45,353640,234453,0.662970817780794,353640,353640,8.932799999694652e-08,2.9790000022344998e-08,6.892000004588005e-08,8.009999996616557e-08,8.626999996164119e-08,0,0,0,0,0,0,0,0,353640,0,246836,106804,234622,351760,233860,593,234453,0,0,0,NOT AVAILABLE,exact_numpy_linear
cross,loss|model|attack_family|K|split,margin,0dc9d296a0e5be693f16476479f0e4a4fbe9c5d14e408c675243698a32260244,CAT-AD,phys_penalty_pgd,50,45,858840,565609,0.6585731917470076,858840,858840,8.955599994919794e-08,2.9700000014898364e-08,6.80919999329621e-08,7.968999993224202e-08,8.614144900764809e-08,0,0,0,0,0,0,0,0,858840,0,611231,247609,566294,841460,564518,1091,565609,0,0,0,NOT AVAILABLE,exact_numpy_linear
cross,loss|model|attack_family|K|split,margin,3c251c44f0f9e25467411accd3069a11c08f54dc4be5a04e7db617300232600e,CAT-AD,phys_projection_pgd,20,45,353640,234737,0.6637738943558421,353640,353640,8.9370000067035e-08,2.985399993882254e-08,6.889999992765183e-08,8.021061002949635e-08,8.643324905410732e-08,0,0,0,0,0,0,0,0,353640,0,246675,106965,234924,351855,234144,593,234737,0,0,0,NOT AVAILABLE,exact_numpy_linear
cross,loss|model|attack_family|K|split,margin,9d323ea2422dd4bb7e032dd784d46f0dbe72f55375d776c29f9205d1b5bf03ef,CAT-AD,phys_projection_pgd,50,45,858840,566391,0.6594837222299846,858840,858840,8.960999997587038e-08,2.974000001820798e-08,6.807999997082703e-08,7.965343996385593e-08,8.609832203776417e-08,0,0,0,0,0,0,0,0,858840,0,609945,248895,566943,841952,565228,1163,566391,0,0,0,NOT AVAILABLE,exact_numpy_linear
cross,loss|model|attack_family|K|split,margin,1ecdfbcdf7a1c4898dabcd9c563fa5e2d6785f57d5fd6f5a42fd82b53e910758,BiLSTM-ERM,norm_pgd,20,46,224490,145709,0.6490667735756603,224490,224490,8.890000002814702e-08,2.999999981767587e-08,6.670000007868992e-08,7.820000003100347e-08,8.539999996060033e-08,0,0,0,0,0,0,0,0,224490,0,170962,53528,145796,205891,145574,135,145709,0,0,0,NOT AVAILABLE,exact_numpy_linear
cross,loss|model|attack_family|K|split,margin,56ead56b4823577a92e2681bfe044ec74112f2adbf30e5d6db906fc3a8dc4cdd,BiLSTM-ERM,norm_pgd,50,46,545190,356356,0.6536363469616097,545190,545190,8.925000005710615e-08,2.999999981767587e-08,6.637109996598941e-08,7.818811005977365e-08,8.549999996887436e-08,0,0,0,0,0,0,0,0,545190,0,409674,135516,356585,507726,355917,439,356356,0,0,0,NOT AVAILABLE,exact_numpy_linear
cross,loss|model|attack_family|K|split,margin,065f1f27d843c0e4da67e8934ffbac8bee4cb935c6a952a706b08d135435575f,BiLSTM-ERM,phys_hybrid_pgd,20,46,224490,146324,0.6518063165397122,224490,224490,8.933999995353048e-08,2.9999999928698173e-08,6.676550002304704e-08,7.822000003265828e-08,8.560766503207249e-08,0,0,0,0,0,0,0,0,224490,0,170826,53664,146408,205112,146184,140,146324,0,0,0,NOT AVAILABLE,exact_numpy_linear
cross,loss|model|attack_family|K|split,margin,8326b101f85861bac40274af36da600c0b5671c2c0c83911bed16db8e7ced6fa,BiLSTM-ERM,phys_hybrid_pgd,50,46,545190,356399,0.6537152185476622,545190,545190,8.927000005876096e-08,2.9999999928698173e-08,6.549999986837918e-08,7.781999999956213e-08,8.556999997466619e-08,0,0,0,0,0,0,0,0,545190,0,410169,135021,356625,507039,355925,474,356399,0,0,0,NOT AVAILABLE,exact_numpy_linear
cross,loss|model|attack_family|K|split,margin,7145295ba50cb9888f13a9c165dd5dc5667aad3b44b1e91d142bf82d1c06c828,BiLSTM-ERM,phys_penalty_pgd,20,46,224490,146051,0.6505902267361575,224490,224490,8.890000002814702e-08,2.9999999928698173e-08,6.643691495833431e-08,7.809000002190203e-08,8.531413203194392e-08,0,0,0,0,0,0,0,0,224490,0,171450,53040,146138,204909,145892,159,146051,0,0,0,NOT AVAILABLE,exact_numpy_linear
cross,loss|model|attack_family|K|split,margin,14979c31a5c2083ef13dc63a4170bb9c9c5c1860e6a15f06cc48d134ef44a5c4,BiLSTM-ERM,phys_penalty_pgd,50,46,545190,356276,0.6534896091270933,545190,545190,8.936800011127843e-08,2.9999999928698173e-08,6.538000008049494e-08,7.790000000618136e-08,8.547892094912232e-08,0,0,0,0,0,0,0,0,545190,0,410711,134479,356482,506581,355756,520,356276,0,0,0,NOT AVAILABLE,exact_numpy_linear
cross,loss|model|attack_family|K|split,margin,8e73f46cdeff71fb64856083ca84cb4ee1b2c734dcd0f27df152a473a86ec949,BiLSTM-ERM,phys_projection_pgd,20,46,224490,146239,0.6514276805202904,224490,224490,8.9370000067035e-08,2.9999999928698173e-08,6.659999995939359e-08,7.80246599374478e-08,8.555021997302956e-08,0,0,0,0,0,0,0,0,224490,0,170970,53520,146330,204991,146092,147,146239,0,0,0,NOT AVAILABLE,exact_numpy_linear
cross,loss|model|attack_family|K|split,margin,7bbc578a4750eb38a436c8b37864680df0473dca55b4b7a6846228575e38b6e3,BiLSTM-ERM,phys_projection_pgd,50,46,545190,356403,0.6537225554393881,545190,545190,8.905000004055807e-08,2.9999999928698173e-08,6.534000007718532e-08,7.78037700377431e-08,8.53866770123001e-08,0,0,0,0,0,0,0,0,545190,0,411353,133837,356641,506411,355953,450,356403,0,0,0,NOT AVAILABLE,exact_numpy_linear
cross,loss|model|attack_family|K|split,margin,ecc3d2fe957dbe1687a4b26f168ee13374bca09d86700829793425fc5209cc22,CAT-AD,norm_pgd,20,46,224490,147229,0.6558376765112032,224490,224490,8.925899996903297e-08,2.963610001849304e-08,6.763354991612401e-08,7.947033001776122e-08,8.628155500145506e-08,0,0,0,0,0,0,0,0,224490,0,160020,64470,147365,218171,146912,317,147229,0,0,0,NOT AVAILABLE,exact_numpy_linear
cross,loss|model|attack_family|K|split,margin,8914f3390b047e95c5d48eb81916078bd1bb91c3a4902b82299d7416348b05df,CAT-AD,norm_pgd,50,46,545190,346915,0.6363194482657423,545190,545190,8.96089999979921e-08,2.900000017902471e-08,6.600000002077167e-08,7.810000002272943e-08,8.549999996887436e-08,0,0,0,0,0,0,0,0,545190,0,403684,141506,347113,501808,346320,595,346915,0,0,0,NOT AVAILABLE,exact_numpy_linear
cross,loss|model|attack_family|K|split,margin,9f206c22f698ff3b4b4a59da11996b5fe4c7f05ec635338da961cbfc401d4762,CAT-AD,phys_hybrid_pgd,20,46,224490,148042,0.6594592186734376,224490,224490,8.943899998392624e-08,2.9730000017380576e-08,6.80626499716119e-08,7.969999993306942e-08,8.623153299536223e-08,0,0,0,0,0,0,0,0,224490,0,158446,66044,148086,219865,147672,370,148042,0,0,0,NOT AVAILABLE,exact_numpy_linear
cross,loss|model|attack_family|K|split,margin,798776ba7c68ece693f080ea7f69951370957a8ac8ddfa5abef0bf78a8714394,CAT-AD,phys_hybrid_pgd,50,46,545190,348139,0.6385645371338432,545190,545190,8.942399998268513e-08,2.9127469935996686e-08,6.652749499069798e-08,7.839132993070481e-08,8.566405507248735e-08,0,0,0,0,0,0,0,0,545190,0,402907,142283,348387,506519,347477,662,348139,0,0,0,NOT AVAILABLE,exact_numpy_linear
cross,loss|model|attack_family|K|split,margin,bda560bab01313e1b4c1d6dfd2c01736694b952e1cb307903bcb6e5f2f2052fa,CAT-AD,phys_penalty_pgd,20,46,224490,148006,0.6592988551828589,224490,224490,8.931599992934025e-08,2.959840000871239e-08,6.774254993624495e-08,7.96199999508751e-08,8.61299999667109e-08,0,0,0,0,0,0,0,0,224490,0,159371,65119,148022,219306,147625,381,148006,0,0,0,NOT AVAILABLE,exact_numpy_linear
cross,loss|model|attack_family|K|split,margin,7c76e0701207b40a1af293e115e6548600011e32e826c6b448cf270c14c6278c,CAT-AD,phys_penalty_pgd,50,46,545190,346536,0.6356242777747207,545190,545190,8.958000008441047e-08,2.9000000068002407e-08,6.622900001196363e-08,7.826999993798545e-08,8.567848797524913e-08,0,0,0,0,0,0,0,0,545190,0,402782,142408,346733,503250,345893,643,346536,0,0,0,NOT AVAILABLE,exact_numpy_linear
cross,loss|model|attack_family|K|split,margin,3090f4d3b01a2a98059b3332b1be57985889d4c86e014807ebc009e0463fe944,CAT-AD,phys_projection_pgd,20,46,224490,147681,0.6578511292262461,224490,224490,8.941899998227143e-08,2.9640000009933942e-08,6.794000007026568e-08,7.959999992479538e-08,8.610559900812386e-08,0,0,0,0,0,0,0,0,224490,0,158535,65955,147767,219827,147322,359,147681,0,0,0,NOT AVAILABLE,exact_numpy_linear
cross,loss|model|attack_family|K|split,margin,7afebc091e61282a9620bb98bb15a63b6d10cf5879c13f88ae325d1a3cfacba4,CAT-AD,phys_projection_pgd,50,46,545190,349848,0.6416992241237,545190,545190,8.935500006579389e-08,2.927594999757588e-08,6.661000002128325e-08,7.836999993404703e-08,8.563800002470146e-08,0,0,0,0,0,0,0,0,545190,0,400887,144303,350097,508765,349246,602,349848,0,0,0,NOT AVAILABLE,exact_numpy_linear
